Name,Area,City,Location,Longitude,Latitude
Huskie Storey,Subhash Nagar,Nagpur,https://goo.gl/maps/vSkJ2REtmgGdTGaY7,21.123843,79.045007
Bho bho meow meow ,Abhyankar Nagar,Nagpur,https://goo.gl/maps/qFDpHxwWMQVNhsdT8,21.1260415,79.0571483
"J.K.M - Dog chains, collars and belts",gopal nagar,Nagpur,https://goo.gl/maps/aDQKzU8Xu9G8zEsJ8,21.12101503,79.0555767
Luv kush aquarium and pet shop,Subhash Nagar,Nagpur,https://goo.gl/maps/7a5oTpJGB6KbBqAQ8,21.1250697,79.0433118
Abhi's Pet's City,Gayatri Nagar,Nagpur,https://goo.gl/maps/ajmuvn9cf574oPtU8,21.12096245,79.0450474
Pets Junction your pets expert,Trimurtee Nagar,Nagpur,https://goo.gl/maps/EVGk383cagT9PgMj7,21.1166986,79.04574806
ANU PET SHOP AND AQUARIUM,Bajaj Nagpur,Nagpur,https://goo.gl/maps/rHdscwfgXQg7XFeYA,21.13321707,79.06474004
Hanumat Pets Gallery Grooming Salon & Aquariums,Laxmi Nagar,Nagpur,https://goo.gl/maps/Z7wnQwZuPhito8d79,21.12796417,79.06599851
FISH AQUARIUM & PET SHOP,trimurtee nagar,Nagpur,https://goo.gl/maps/xt795KuZrDyEranr8,21.12891355,79.04260583
Pets Gardens,Shraddhanand Peth,Nagpur,https://goo.gl/maps/iPfmfyXp1csGcFhk9,21.13239331,79.05948083
Pet shop,khamla,Nagpur,https://goo.gl/maps/G3ESoyHnM7dCUqj19,21.11326497,79.06025774
Pets At Home,Gandhi Lay Out,Nagpur,https://goo.gl/maps/VK88SNnNoWXUyGkR6,21.13635048,79.05270197
Mohit dogs world,Pratap Nagar,Nagpur,https://goo.gl/maps/pZY6kbERNvhz7Fwr7,21.11817871,79.06104443
Dharampeth Aquarium and Pet Shop,Gokulpath Rd,Nagpur,https://goo.gl/maps/L6UEmrCSc4ph2ayP8,21.14470779,79.0573574
Happy Tails Pet Shoppe,Sonegaon,Nagpur,https://goo.gl/maps/hcFaMJVPQbi548iH9,21.10014192,79.05182677
